Step,Topic,Question,Status,Date Solved
Step 1: Basics,Things to Know,User Input / Output,Not Started,
Step 1: Basics,Things to Know,Data Types,Not Started,
Step 1: Basics,Things to Know,If Else statements,Not Started,
Step 1: Basics,Things to Know,Switch Statement,Not Started,
Step 1: Basics,Things to Know,What are Arrays,Not Started,
Step 1: Basics,Things to Know,Strings basics,Not Started,
Step 1: Basics,Things to Know,For loops,Not Started,
Step 1: Basics,Things to Know,While loops,Not Started,
Step 1: Basics,Things to Know,Functions (Pass by Reference and Value),Not Started,
Step 1: Basics,Things to Know,Time Complexity,Not Started,
Step 1: Basics,Basic Maths,Count Digits,Not Started,
Step 1: Basics,Basic Maths,Reverse a Number,Not Started,
Step 1: Basics,Basic Maths,Check Palindrome Number,Not Started,
Step 1: Basics,Basic Maths,GCD or HCF,Not Started,
Step 1: Basics,Basic Maths,Armstrong Numbers,Not Started,
Step 1: Basics,Basic Maths,Print all Divisors,Not Started,
Step 1: Basics,Basic Maths,Check for Prime,Not Started,
Step 1: Basics,Recursion,Understand recursion by print statements,Not Started,
Step 1: Basics,Recursion,Print name N times using recursion,Not Started,
Step 1: Basics,Recursion,Print 1 to N without loop,Not Started,
Step 1: Basics,Recursion,Print N to 1 without loop,Not Started,
Step 1: Basics,Recursion,Sum of first N numbers,Not Started,
Step 1: Basics,Recursion,Factorial of N numbers,Not Started,
Step 1: Basics,Recursion,Reverse an array using recursion,Not Started,
Step 1: Basics,Recursion,Check if a string is palindrome using recursion,Not Started,
Step 1: Basics,Recursion,Fibonacci Number using recursion,Not Started,
Step 1: Basics,Hashing,Hashing Theory,Not Started,
Step 1: Basics,Hashing,Counting frequencies of array elements,Not Started,
Step 1: Basics,Hashing,Find highest/lowest frequency element,Not Started,
Step 1: Basics,Pattern Problems,Pattern 1 - Right triangle,Not Started,
Step 1: Basics,Pattern Problems,Pattern 2 - Right triangle with numbers,Not Started,
Step 1: Basics,Pattern Problems,Pattern 3 - Inverted triangle,Not Started,
Step 1: Basics,Pattern Problems,Pattern 4 - Pyramid,Not Started,
Step 1: Basics,Pattern Problems,Pattern 5 - Diamond,Not Started,
Step 1: Basics,Pattern Problems,Pattern 6 - Butterfly,Not Started,
Step 1: Basics,Pattern Problems,Pattern 7 - Hollow rhombus,Not Started,
Step 1: Basics,Pattern Problems,Pattern 8 - Number pyramid,Not Started,
Step 1: Basics,Pattern Problems,Pattern 9 - Number triangle,Not Started,
Step 1: Basics,Pattern Problems,Pattern 10 - Zigzag pattern,Not Started,
Step 2: Sorting,Sorting Techniques,Selection Sort,Not Started,
Step 2: Sorting,Sorting Techniques,Bubble Sort,Not Started,
Step 2: Sorting,Sorting Techniques,Insertion Sort,Not Started,
Step 2: Sorting,Sorting Techniques,Merge Sort,Not Started,
Step 2: Sorting,Sorting Techniques,Recursive Bubble Sort,Not Started,
Step 2: Sorting,Sorting Techniques,Recursive Insertion Sort,Not Started,
Step 2: Sorting,Sorting Techniques,Quick Sort,Not Started,
Step 3: Arrays,Easy,Largest element in an array,Not Started,
Step 3: Arrays,Easy,Second Largest Element without sorting,Not Started,
Step 3: Arrays,Easy,Check if array is sorted,Not Started,
Step 3: Arrays,Easy,Remove duplicates from sorted array,Not Started,
Step 3: Arrays,Easy,Left Rotate array by one place,Not Started,
Step 3: Arrays,Easy,Left rotate array by D places,Not Started,
Step 3: Arrays,Easy,Move Zeros to end,Not Started,
Step 3: Arrays,Easy,Linear Search,Not Started,
Step 3: Arrays,Easy,Find the Union of two sorted arrays,Not Started,
Step 3: Arrays,Easy,Find missing number in array,Not Started,
Step 3: Arrays,Easy,Maximum Consecutive Ones,Not Started,
Step 3: Arrays,Easy,Find the number that appears once,Not Started,
Step 3: Arrays,Medium,Two Sum,Not Started,
Step 3: Arrays,Medium,Sort an array of 0s 1s 2s (Dutch National Flag),Not Started,
Step 3: Arrays,Medium,Majority Element (>n/2 times),Not Started,
Step 3: Arrays,Medium,Kadane's Algorithm - Maximum Subarray Sum,Not Started,
Step 3: Arrays,Medium,Print subarray with maximum sum,Not Started,
Step 3: Arrays,Medium,Stock Buy and Sell,Not Started,
Step 3: Arrays,Medium,Rearrange array elements by sign,Not Started,
Step 3: Arrays,Medium,Next Permutation,Not Started,
Step 3: Arrays,Medium,Leaders in an array,Not Started,
Step 3: Arrays,Medium,Longest Consecutive Sequence,Not Started,
Step 3: Arrays,Medium,Set Matrix Zeros,Not Started,
Step 3: Arrays,Medium,Rotate Matrix by 90 degrees,Not Started,
Step 3: Arrays,Medium,Print the matrix in Spiral order,Not Started,
Step 3: Arrays,Medium,Count subarrays with given sum (Subarray Sum Equals K),Not Started,
Step 3: Arrays,Hard,Pascal's Triangle,Not Started,
Step 3: Arrays,Hard,Majority Element II (>n/3 times),Not Started,
Step 3: Arrays,Hard,3-Sum Problem,Not Started,
Step 3: Arrays,Hard,4-Sum Problem,Not Started,
Step 3: Arrays,Hard,Largest Subarray with 0 Sum,Not Started,
Step 3: Arrays,Hard,Count number of subarrays with given XOR K,Not Started,
Step 3: Arrays,Hard,Merge Overlapping Subintervals,Not Started,
Step 3: Arrays,Hard,Merge Two Sorted Arrays Without Extra Space,Not Started,
Step 3: Arrays,Hard,Find repeating and missing number,Not Started,
Step 3: Arrays,Hard,Count Inversions in an array,Not Started,
Step 3: Arrays,Hard,Reverse Pairs,Not Started,
Step 3: Arrays,Hard,Maximum Product Subarray,Not Started,
Step 4: Binary Search,1D BS,Binary Search on 1D array,Not Started,
Step 4: Binary Search,1D BS,Find first/last occurrence of an element,Not Started,
Step 4: Binary Search,1D BS,Count occurrences of a number,Not Started,
Step 4: Binary Search,1D BS,Search in Rotated Sorted Array I,Not Started,
Step 4: Binary Search,1D BS,Search in Rotated Sorted Array II (duplicates),Not Started,
Step 4: Binary Search,1D BS,Find minimum in Rotated Sorted Array,Not Started,
Step 4: Binary Search,1D BS,Find how many times array has been rotated,Not Started,
Step 4: Binary Search,1D BS,Single element in a sorted array,Not Started,
Step 4: Binary Search,1D BS,Find peak element,Not Started,
Step 4: Binary Search,BS on Answers,Find square root of a number,Not Started,
Step 4: Binary Search,BS on Answers,Find Nth root of a number,Not Started,
Step 4: Binary Search,BS on Answers,Koko Eating Bananas,Not Started,
Step 4: Binary Search,BS on Answers,Minimum days to make M bouquets,Not Started,
Step 4: Binary Search,BS on Answers,Find the smallest Divisor,Not Started,
Step 4: Binary Search,BS on Answers,Capacity to Ship Packages within D Days,Not Started,
Step 4: Binary Search,BS on Answers,Kth missing positive number,Not Started,
Step 4: Binary Search,BS on Answers,Aggressive Cows problem,Not Started,
Step 4: Binary Search,BS on Answers,Book Allocation Problem,Not Started,
Step 4: Binary Search,BS on Answers,Split Array - Largest Minimized Sum,Not Started,
Step 4: Binary Search,BS on Answers,Painter's Partition Problem,Not Started,
Step 4: Binary Search,BS on Answers,Minimize Max Distance to Gas Station,Not Started,
Step 4: Binary Search,BS on Answers,Median of Two Sorted Arrays,Not Started,
Step 4: Binary Search,BS on Answers,Kth element of two sorted arrays,Not Started,
Step 4: Binary Search,BS on 2D Arrays,Find row with maximum number of 1s,Not Started,
Step 4: Binary Search,BS on 2D Arrays,Search in a 2D matrix,Not Started,
Step 4: Binary Search,BS on 2D Arrays,Search in a row and column wise sorted matrix,Not Started,
Step 4: Binary Search,BS on 2D Arrays,Find Peak Element in a 2D Matrix,Not Started,
Step 4: Binary Search,BS on 2D Arrays,Median of Row Wise Sorted Matrix,Not Started,
Step 5: Strings,Basic,Remove outermost Parenthesis,Not Started,
Step 5: Strings,Basic,Reverse words in a string,Not Started,
Step 5: Strings,Basic,Largest odd number in a string,Not Started,
Step 5: Strings,Basic,Longest Common Prefix,Not Started,
Step 5: Strings,Basic,Isomorphic Strings,Not Started,
Step 5: Strings,Basic,Check whether one string is a rotation of another,Not Started,
Step 5: Strings,Basic,Check if two strings are anagram,Not Started,
Step 5: Strings,Medium,Sort characters by frequency,Not Started,
Step 5: Strings,Medium,Maximum Nesting Depth of Parentheses,Not Started,
Step 5: Strings,Medium,Roman Number to Integer and vice versa,Not Started,
Step 5: Strings,Medium,Implement Atoi,Not Started,
Step 5: Strings,Medium,Count Number of Substrings,Not Started,
Step 5: Strings,Medium,Longest Palindromic Substring,Not Started,
Step 5: Strings,Medium,Sum of Beauty of all Substrings,Not Started,
Step 5: Strings,Medium,Reverse Every Word in a String,Not Started,
Step 6: Linked List,Learn 1D LL,Introduction to Linked List,Not Started,
Step 6: Linked List,Learn 1D LL,Insertion in Linked List,Not Started,
Step 6: Linked List,Learn 1D LL,Deletion in Linked List,Not Started,
Step 6: Linked List,Learn 2D LL,Introduction to Doubly Linked List,Not Started,
Step 6: Linked List,Learn 2D LL,Insertion in Doubly Linked List,Not Started,
Step 6: Linked List,Learn 2D LL,Deletion in Doubly Linked List,Not Started,
Step 6: Linked List,Medium,Reverse a Linked List,Not Started,
Step 6: Linked List,Medium,Find the middle of Linked List,Not Started,
Step 6: Linked List,Medium,Detect a cycle in Linked List,Not Started,
Step 6: Linked List,Medium,Find starting point of loop in Linked List,Not Started,
Step 6: Linked List,Medium,Length of loop in Linked List,Not Started,
Step 6: Linked List,Medium,Check if Linked List is palindrome,Not Started,
Step 6: Linked List,Medium,Segregate odd and even nodes,Not Started,
Step 6: Linked List,Medium,Remove Nth node from back of Linked List,Not Started,
Step 6: Linked List,Medium,Delete the middle node of Linked List,Not Started,
Step 6: Linked List,Medium,Sort a Linked List,Not Started,
Step 6: Linked List,Medium,Sort Linked List of 0s 1s and 2s,Not Started,
Step 6: Linked List,Medium,Find intersection point of Y Linked List,Not Started,
Step 6: Linked List,Medium,Add 1 to a number represented by Linked List,Not Started,
Step 6: Linked List,Medium,Add two numbers as Linked Lists,Not Started,
Step 6: Linked List,Hard,Reverse a Doubly Linked List,Not Started,
Step 6: Linked List,Hard,Delete all occurrences of a key in DLL,Not Started,
Step 6: Linked List,Hard,Find pairs with given sum in DLL,Not Started,
Step 6: Linked List,Hard,Remove duplicates from sorted DLL,Not Started,
Step 6: Linked List,Hard,Rotate a Linked List,Not Started,
Step 6: Linked List,Hard,Flattening of a Linked List,Not Started,
Step 6: Linked List,Hard,Clone a Linked List with random pointers,Not Started,
Step 6: Linked List,Hard,Merge Two Sorted Linked Lists,Not Started,
Step 6: Linked List,Hard,Merge K Sorted Lists,Not Started,
Step 6: Linked List,Hard,Reverse Linked List in groups of size K,Not Started,
Step 6: Linked List,Hard,LRU Cache implementation,Not Started,
Step 6: Linked List,Hard,LFU Cache implementation,Not Started,
Step 7: Recursion,Subsequences Pattern,Subset Sums,Not Started,
Step 7: Recursion,Subsequences Pattern,Subsets II (unique subsets),Not Started,
Step 7: Recursion,Subsequences Pattern,Combination Sum,Not Started,
Step 7: Recursion,Subsequences Pattern,Combination Sum II,Not Started,
Step 7: Recursion,Subsequences Pattern,Palindrome Partitioning,Not Started,
Step 7: Recursion,Subsequences Pattern,Kth Permutation Sequence,Not Started,
Step 7: Recursion,Hard,Print all Permutations of a string/array,Not Started,
Step 7: Recursion,Hard,N Queens Problem,Not Started,
Step 7: Recursion,Hard,Sudoku Solver,Not Started,
Step 7: Recursion,Hard,M Coloring Problem,Not Started,
Step 7: Recursion,Hard,Rat in a Maze,Not Started,
Step 7: Recursion,Hard,Word Break using Recursion,Not Started,
Step 7: Recursion,Hard,Expression Add Operators,Not Started,
Step 8: Bit Manipulation,Learning,Introduction to Bit Manipulation,Not Started,
Step 8: Bit Manipulation,Learning,Check if the ith bit is set or not,Not Started,
Step 8: Bit Manipulation,Learning,Check if a number is Odd or Even,Not Started,
Step 8: Bit Manipulation,Learning,Check if a number is power of 2,Not Started,
Step 8: Bit Manipulation,Learning,Count the number of set bits,Not Started,
Step 8: Bit Manipulation,Learning,Set/Unset the rightmost unset bit,Not Started,
Step 8: Bit Manipulation,Learning,Swap two numbers using XOR,Not Started,
Step 8: Bit Manipulation,Learning,Divide two integers without using multiplication or division,Not Started,
Step 8: Bit Manipulation,Practice,Count number of bits to be flipped,Not Started,
Step 8: Bit Manipulation,Practice,Find the number that appears odd number of times,Not Started,
Step 8: Bit Manipulation,Practice,Power Set using bits,Not Started,
Step 8: Bit Manipulation,Interview,Find XOR of numbers from L to R,Not Started,
Step 8: Bit Manipulation,Interview,Find the two numbers appearing odd number of times,Not Started,
Step 8: Bit Manipulation,Interview,Power(x n) using Bit Manipulation,Not Started,
Step 9: Stack and Queues,Learning,Implement Stack using Array,Not Started,
Step 9: Stack and Queues,Learning,Implement Queue using Array,Not Started,
Step 9: Stack and Queues,Learning,Implement Stack using Linked List,Not Started,
Step 9: Stack and Queues,Learning,Implement Queue using Linked List,Not Started,
Step 9: Stack and Queues,Learning,Implement Stack using Queue,Not Started,
Step 9: Stack and Queues,Learning,Implement Queue using Stack,Not Started,
Step 9: Stack and Queues,Learning,Check for balanced Parentheses,Not Started,
Step 9: Stack and Queues,Prefix Infix Postfix,Infix to Postfix Conversion,Not Started,
Step 9: Stack and Queues,Prefix Infix Postfix,Prefix to Infix Conversion,Not Started,
Step 9: Stack and Queues,Prefix Infix Postfix,Postfix to Prefix Conversion,Not Started,
Step 9: Stack and Queues,Prefix Infix Postfix,Prefix to Postfix Conversion,Not Started,
Step 9: Stack and Queues,Monotonic Stack,Next Greater Element,Not Started,
Step 9: Stack and Queues,Monotonic Stack,Next Greater Element II (Circular Array),Not Started,
Step 9: Stack and Queues,Monotonic Stack,Next Smaller Element,Not Started,
Step 9: Stack and Queues,Monotonic Stack,Number of NGEs to the right,Not Started,
Step 9: Stack and Queues,Monotonic Stack,Trapping Rainwater,Not Started,
Step 9: Stack and Queues,Monotonic Stack,Sum of subarray minimums,Not Started,
Step 9: Stack and Queues,Monotonic Stack,Asteroid Collision,Not Started,
Step 9: Stack and Queues,Monotonic Stack,Sum of subarray ranges,Not Started,
Step 9: Stack and Queues,Monotonic Stack,Remove k digits,Not Started,
Step 9: Stack and Queues,Monotonic Stack,Largest rectangle in a histogram,Not Started,
Step 9: Stack and Queues,Monotonic Stack,Maximal Rectangles in a binary matrix,Not Started,
Step 9: Stack and Queues,Design,Design a stack that supports getMin() in O(1),Not Started,
Step 9: Stack and Queues,Design,Rotten Oranges (BFS),Not Started,
Step 9: Stack and Queues,Design,Stock Span Problem,Not Started,
Step 9: Stack and Queues,Design,Sliding Window Maximum,Not Started,
Step 9: Stack and Queues,Design,LRU Cache,Not Started,
Step 9: Stack and Queues,Design,LFU Cache,Not Started,
Step 10: Sliding Window/Two Pointer,Medium,Longest Substring Without Repeating Characters,Not Started,
Step 10: Sliding Window/Two Pointer,Medium,Max Consecutive Ones III,Not Started,
Step 10: Sliding Window/Two Pointer,Medium,Fruit Into Baskets,Not Started,
Step 10: Sliding Window/Two Pointer,Medium,Longest Substring with At Most K Distinct Characters,Not Started,
Step 10: Sliding Window/Two Pointer,Medium,Number of Substrings Containing All Three Characters,Not Started,
Step 10: Sliding Window/Two Pointer,Hard,Longest Repeating Character Replacement,Not Started,
Step 10: Sliding Window/Two Pointer,Hard,Binary Subarray with Sum,Not Started,
Step 10: Sliding Window/Two Pointer,Hard,Count Number of Nice Subarrays,Not Started,
Step 10: Sliding Window/Two Pointer,Hard,Number of Substrings with Exactly K Distinct Characters,Not Started,
Step 10: Sliding Window/Two Pointer,Hard,Minimum Window Substring,Not Started,
Step 10: Sliding Window/Two Pointer,Hard,Minimum Window Subsequence,Not Started,
Step 11: Heaps,Learning,Introduction to Priority Queues / Heaps,Not Started,
Step 11: Heaps,Learning,Min Heap and Max Heap Implementation,Not Started,
Step 11: Heaps,Learning,Check if an array represents a Heap,Not Started,
Step 11: Heaps,Learning,Convert Min Heap to Max Heap,Not Started,
Step 11: Heaps,Medium,Kth Largest Element in an Array,Not Started,
Step 11: Heaps,Medium,Kth Smallest Element in an Array,Not Started,
Step 11: Heaps,Medium,Sort a nearly sorted array,Not Started,
Step 11: Heaps,Medium,K Closest Points to Origin,Not Started,
Step 11: Heaps,Medium,Top K Frequent Elements,Not Started,
Step 11: Heaps,Hard,Find Median from Data Stream,Not Started,
Step 11: Heaps,Hard,Merge K Sorted Arrays,Not Started,
Step 11: Heaps,Hard,Kth Largest Element in a Stream,Not Started,
Step 11: Heaps,Hard,Task Scheduler,Not Started,
Step 11: Heaps,Hard,Hands of Straights,Not Started,
Step 11: Heaps,Hard,Design Twitter,Not Started,
Step 11: Heaps,Hard,Connect Ropes to Minimize Cost,Not Started,
Step 12: Greedy,Easy,Assign Cookies,Not Started,
Step 12: Greedy,Easy,Fractional Knapsack,Not Started,
Step 12: Greedy,Easy,Minimum Number of Coins,Not Started,
Step 12: Greedy,Easy,Lemonade Change,Not Started,
Step 12: Greedy,Medium,N Meetings in One Room,Not Started,
Step 12: Greedy,Medium,Job Sequencing Problem,Not Started,
Step 12: Greedy,Medium,Insert Interval,Not Started,
Step 12: Greedy,Medium,Merge Overlapping Intervals,Not Started,
Step 12: Greedy,Medium,Non-overlapping Intervals,Not Started,
Step 12: Greedy,Hard,Shortest Job First,Not Started,
Step 12: Greedy,Hard,Jump Game,Not Started,
Step 12: Greedy,Hard,Jump Game II,Not Started,
Step 12: Greedy,Hard,Candy Distribution,Not Started,
Step 12: Greedy,Hard,Valid Parenthesis String,Not Started,
Step 12: Greedy,Hard,Job Scheduling Problem II,Not Started,
Step 13: Binary Trees,Traversals,Introduction to Binary Trees,Not Started,
Step 13: Binary Trees,Traversals,Preorder Traversal (Recursive/Iterative),Not Started,
Step 13: Binary Trees,Traversals,Inorder Traversal (Recursive/Iterative),Not Started,
Step 13: Binary Trees,Traversals,Postorder Traversal (Recursive/Iterative),Not Started,
Step 13: Binary Trees,Traversals,Level Order Traversal,Not Started,
Step 13: Binary Trees,Traversals,Iterative Preorder Inorder Postorder in One Pass,Not Started,
Step 13: Binary Trees,Medium,Height of a Binary Tree,Not Started,
Step 13: Binary Trees,Medium,Check if Binary Tree is Balanced,Not Started,
Step 13: Binary Trees,Medium,Diameter of Binary Tree,Not Started,
Step 13: Binary Trees,Medium,Maximum path sum in Binary Tree,Not Started,
Step 13: Binary Trees,Medium,Check if two trees are identical,Not Started,
Step 13: Binary Trees,Medium,Zig Zag Traversal,Not Started,
Step 13: Binary Trees,Medium,Boundary Traversal,Not Started,
Step 13: Binary Trees,Medium,Vertical Order Traversal,Not Started,
Step 13: Binary Trees,Medium,Top View of Binary Tree,Not Started,
Step 13: Binary Trees,Medium,Bottom View of Binary Tree,Not Started,
Step 13: Binary Trees,Medium,Right/Left View of Binary Tree,Not Started,
Step 13: Binary Trees,Medium,Check for Symmetrical Binary Tree,Not Started,
Step 13: Binary Trees,Medium,Root to Node Path in Binary Tree,Not Started,
Step 13: Binary Trees,Medium,Lowest Common Ancestor in Binary Tree,Not Started,
Step 13: Binary Trees,Medium,Maximum Width of Binary Tree,Not Started,
Step 13: Binary Trees,Medium,Children Sum Property,Not Started,
Step 13: Binary Trees,Medium,Print all Nodes at Distance K,Not Started,
Step 13: Binary Trees,Medium,Minimum time to Burn Binary Tree from a Node,Not Started,
Step 13: Binary Trees,Hard,Count Total Nodes in Complete Binary Tree,Not Started,
Step 13: Binary Trees,Hard,Requirements to Construct a Unique Binary Tree,Not Started,
Step 13: Binary Trees,Hard,Construct Binary Tree from Preorder and Inorder,Not Started,
Step 13: Binary Trees,Hard,Construct Binary Tree from Postorder and Inorder,Not Started,
Step 13: Binary Trees,Hard,Serialize and Deserialize Binary Tree,Not Started,
Step 13: Binary Trees,Hard,Morris Traversal (Inorder and Preorder),Not Started,
Step 13: Binary Trees,Hard,Flatten Binary Tree to Linked List,Not Started,
Step 14: Binary Search Trees,Concepts,Introduction to Binary Search Trees,Not Started,
Step 14: Binary Search Trees,Concepts,Search in a BST,Not Started,
Step 14: Binary Search Trees,Concepts,Find Min/Max in BST,Not Started,
Step 14: Binary Search Trees,Practice,Ceil in a BST,Not Started,
Step 14: Binary Search Trees,Practice,Floor in a BST,Not Started,
Step 14: Binary Search Trees,Practice,Insert a given Node in BST,Not Started,
Step 14: Binary Search Trees,Practice,Delete a Node in BST,Not Started,
Step 14: Binary Search Trees,Practice,Find Kth Smallest/Largest Element in BST,Not Started,
Step 14: Binary Search Trees,Practice,Check if a tree is a BST or not,Not Started,
Step 14: Binary Search Trees,Practice,LCA in a Binary Search Tree,Not Started,
Step 14: Binary Search Trees,Practice,Construct a BST from a preorder traversal,Not Started,
Step 14: Binary Search Trees,Practice,Inorder Successor/Predecessor in BST,Not Started,
Step 14: Binary Search Trees,Hard,Merge Two BSTs,Not Started,
Step 14: Binary Search Trees,Hard,Two Sum in BST - Check for pair,Not Started,
Step 14: Binary Search Trees,Hard,Recover BST (correct BST with two nodes swapped),Not Started,
Step 14: Binary Search Trees,Hard,Largest BST in a Binary Tree,Not Started,
Step 15: Graphs,Learning,Graph Representation (BFS/DFS Prerequisites),Not Started,
Step 15: Graphs,Learning,BFS Traversal,Not Started,
Step 15: Graphs,Learning,DFS Traversal,Not Started,
Step 15: Graphs,Learning,Number of Provinces (Connected Components),Not Started,
Step 15: Graphs,Learning,Number of Islands,Not Started,
Step 15: Graphs,Learning,Flood Fill Algorithm,Not Started,
Step 15: Graphs,Learning,Rotten Oranges,Not Started,
Step 15: Graphs,Learning,Detect Cycle in Undirected Graph (BFS),Not Started,
Step 15: Graphs,Learning,Detect Cycle in Undirected Graph (DFS),Not Started,
Step 15: Graphs,Learning,0/1 Matrix - Nearest 0 (BFS-Matrix),Not Started,
Step 15: Graphs,Learning,Surrounded Regions,Not Started,
Step 15: Graphs,Learning,Number of Enclaves,Not Started,
Step 15: Graphs,Learning,Word Ladder I,Not Started,
Step 15: Graphs,Learning,Word Ladder II,Not Started,
Step 15: Graphs,Learning,Number of Distinct Islands,Not Started,
Step 15: Graphs,Learning,Bipartite Graph (BFS),Not Started,
Step 15: Graphs,Learning,Bipartite Graph (DFS),Not Started,
Step 15: Graphs,Learning,Detect Cycle in Directed Graph (DFS),Not Started,
Step 15: Graphs,Topo Sort,Topological Sort (BFS - Kahn's Algorithm),Not Started,
Step 15: Graphs,Topo Sort,Topological Sort (DFS),Not Started,
Step 15: Graphs,Topo Sort,Detect Cycle in Directed Graph (BFS),Not Started,
Step 15: Graphs,Topo Sort,Course Schedule I and II,Not Started,
Step 15: Graphs,Topo Sort,Find Eventual Safe States,Not Started,
Step 15: Graphs,Topo Sort,Alien Dictionary,Not Started,
Step 15: Graphs,Shortest Path,Shortest Path in Directed Acyclic Graph,Not Started,
Step 15: Graphs,Shortest Path,Shortest Path in Undirected Graph with Unit Weights,Not Started,
Step 15: Graphs,Shortest Path,Word Ladder I - Shortest Transformation,Not Started,
Step 15: Graphs,Shortest Path,Dijkstra's Algorithm,Not Started,
Step 15: Graphs,Shortest Path,Print Shortest Path using Dijkstra's,Not Started,
Step 15: Graphs,Shortest Path,Shortest Distance in a Binary Maze,Not Started,
Step 15: Graphs,Shortest Path,Path with Minimum Effort,Not Started,
Step 15: Graphs,Shortest Path,Cheapest Flights Within K Stops,Not Started,
Step 15: Graphs,Shortest Path,Number of Ways to Arrive at Destination,Not Started,
Step 15: Graphs,Shortest Path,Minimum Multiplications to Reach End,Not Started,
Step 15: Graphs,Shortest Path,Bellman Ford Algorithm,Not Started,
Step 15: Graphs,Shortest Path,Floyd Warshall Algorithm,Not Started,
Step 15: Graphs,Shortest Path,Find the City with Smallest Number of Neighbours,Not Started,
Step 15: Graphs,MST/DSU,Minimum Spanning Tree - Prim's Algorithm,Not Started,
Step 15: Graphs,MST/DSU,Disjoint Set (Union by Rank and Path Compression),Not Started,
Step 15: Graphs,MST/DSU,Kruskal's Algorithm,Not Started,
Step 15: Graphs,MST/DSU,Number of Operations to Make Network Connected,Not Started,
Step 15: Graphs,MST/DSU,Most Stones Removed with Same Row or Column,Not Started,
Step 15: Graphs,MST/DSU,Accounts Merge,Not Started,
Step 15: Graphs,MST/DSU,Number of Islands II (Online Queries),Not Started,
Step 15: Graphs,MST/DSU,Making a Large Island,Not Started,
Step 15: Graphs,MST/DSU,Swim in Rising Water,Not Started,
Step 15: Graphs,Other Algorithms,Bridges in Graph,Not Started,
Step 15: Graphs,Other Algorithms,Articulation Points in Graph,Not Started,
Step 15: Graphs,Other Algorithms,Kosaraju's Algorithm - Strongly Connected Components,Not Started,
Step 16: Dynamic Programming,Introduction,Introduction to DP,Not Started,
Step 16: Dynamic Programming,1D DP,Climbing Stairs,Not Started,
Step 16: Dynamic Programming,1D DP,Frog Jump,Not Started,
Step 16: Dynamic Programming,1D DP,Frog Jump with K Distances,Not Started,
Step 16: Dynamic Programming,1D DP,Maximum Sum of Non-Adjacent Elements,Not Started,
Step 16: Dynamic Programming,1D DP,House Robber,Not Started,
Step 16: Dynamic Programming,2D/3D DP and Grids,Ninja's Training,Not Started,
Step 16: Dynamic Programming,2D/3D DP and Grids,Grid Unique Paths,Not Started,
Step 16: Dynamic Programming,2D/3D DP and Grids,Grid Unique Paths II (Obstacles),Not Started,
Step 16: Dynamic Programming,2D/3D DP and Grids,Minimum Path Sum in Grid,Not Started,
Step 16: Dynamic Programming,2D/3D DP and Grids,Triangle - Minimum Path Sum,Not Started,
Step 16: Dynamic Programming,2D/3D DP and Grids,Minimum/Maximum Falling Path Sum,Not Started,
Step 16: Dynamic Programming,2D/3D DP and Grids,Cherry Pickup II,Not Started,
Step 16: Dynamic Programming,DP on Subsequences,Subset Sum Equals to Target,Not Started,
Step 16: Dynamic Programming,DP on Subsequences,Partition Equal Subset Sum,Not Started,
Step 16: Dynamic Programming,DP on Subsequences,Partition Set Into 2 Subsets With Min Absolute Sum Diff,Not Started,
Step 16: Dynamic Programming,DP on Subsequences,Count Subsets with Sum K,Not Started,
Step 16: Dynamic Programming,DP on Subsequences,Count Partitions with Given Difference,Not Started,
Step 16: Dynamic Programming,DP on Subsequences,0/1 Knapsack,Not Started,
Step 16: Dynamic Programming,DP on Subsequences,Minimum Coins (Coin Change),Not Started,
Step 16: Dynamic Programming,DP on Subsequences,Target Sum,Not Started,
Step 16: Dynamic Programming,DP on Subsequences,Coin Change II - Number of Ways,Not Started,
Step 16: Dynamic Programming,DP on Subsequences,Unbounded Knapsack,Not Started,
Step 16: Dynamic Programming,DP on Subsequences,Rod Cutting Problem,Not Started,
Step 16: Dynamic Programming,DP on Strings,Longest Common Subsequence,Not Started,
Step 16: Dynamic Programming,DP on Strings,Print Longest Common Subsequence,Not Started,
Step 16: Dynamic Programming,DP on Strings,Longest Common Substring,Not Started,
Step 16: Dynamic Programming,DP on Strings,Longest Palindromic Subsequence,Not Started,
Step 16: Dynamic Programming,DP on Strings,Minimum Insertions to Make String Palindrome,Not Started,
Step 16: Dynamic Programming,DP on Strings,Minimum Insertions/Deletions to Convert String,Not Started,
Step 16: Dynamic Programming,DP on Strings,Shortest Common Supersequence,Not Started,
Step 16: Dynamic Programming,DP on Strings,Distinct Subsequences,Not Started,
Step 16: Dynamic Programming,DP on Strings,Edit Distance,Not Started,
Step 16: Dynamic Programming,DP on Strings,Wildcard Matching,Not Started,
Step 16: Dynamic Programming,DP on Stocks,Best Time to Buy and Sell Stock,Not Started,
Step 16: Dynamic Programming,DP on Stocks,Buy and Sell Stock II,Not Started,
Step 16: Dynamic Programming,DP on Stocks,Buy and Sell Stock III,Not Started,
Step 16: Dynamic Programming,DP on Stocks,Buy and Sell Stock IV,Not Started,
Step 16: Dynamic Programming,DP on Stocks,Buy and Sell Stock with Cooldown,Not Started,
Step 16: Dynamic Programming,DP on Stocks,Buy and Sell Stock with Transaction Fee,Not Started,
Step 16: Dynamic Programming,DP on LIS,Longest Increasing Subsequence,Not Started,
Step 16: Dynamic Programming,DP on LIS,Print Longest Increasing Subsequence,Not Started,
Step 16: Dynamic Programming,DP on LIS,Largest Divisible Subset,Not Started,
Step 16: Dynamic Programming,DP on LIS,Longest String Chain,Not Started,
Step 16: Dynamic Programming,DP on LIS,Longest Bitonic Subsequence,Not Started,
Step 16: Dynamic Programming,DP on LIS,Number of Longest Increasing Subsequences,Not Started,
Step 16: Dynamic Programming,MCM/Partition DP,Matrix Chain Multiplication,Not Started,
Step 16: Dynamic Programming,MCM/Partition DP,Minimum Cost to Cut a Stick,Not Started,
Step 16: Dynamic Programming,MCM/Partition DP,Burst Balloons,Not Started,
Step 16: Dynamic Programming,MCM/Partition DP,Evaluate Boolean Expression to True,Not Started,
Step 16: Dynamic Programming,MCM/Partition DP,Palindrome Partitioning II,Not Started,
Step 16: Dynamic Programming,MCM/Partition DP,Partition Array for Maximum Sum,Not Started,
Step 16: Dynamic Programming,DP on Squares,Maximum Rectangle Area with all 1's,Not Started,
Step 16: Dynamic Programming,DP on Squares,Count Square Submatrices with All Ones,Not Started,
Step 16: Dynamic Programming,DP on Trees,Diameter of Binary Tree using DP,Not Started,
Step 16: Dynamic Programming,DP on Trees,Maximum Path Sum in Binary Tree using DP,Not Started,
Step 16: Dynamic Programming,DP on Trees,House Robber III (DP on Trees),Not Started,
Step 16: Dynamic Programming,DP on Bitmasking,Assign Mice to Holes,Not Started,
Step 16: Dynamic Programming,DP on Bitmasking,Partition to K Equal Sum Subsets,Not Started,
Step 16: Dynamic Programming,DP on Bitmasking,Fill Cuboid with 1x1x2 Bricks,Not Started,
Step 17: Tries,Implementation,Implement TRIE - Insert/Search/StartsWith,Not Started,
Step 17: Tries,Implementation,Implement Trie II - Count Words/Prefixes,Not Started,
Step 17: Tries,Practice,Longest String with All Prefixes,Not Started,
Step 17: Tries,Practice,Number of Distinct Substrings using Trie,Not Started,
Step 17: Tries,Practice,Maximum XOR of Two Numbers in an Array,Not Started,
Step 17: Tries,Practice,Maximum XOR with an Element from Array,Not Started,
Step 18: Advanced Strings,Advanced,Z Function,Not Started,
Step 18: Advanced Strings,Advanced,KMP Algorithm / LPS Array,Not Started,
Step 18: Advanced Strings,Advanced,Shortest Palindrome using KMP,Not Started,
Step 18: Advanced Strings,Advanced,Count of Palindromic Substrings,Not Started,
Step 18: Advanced Strings,Advanced,Rabin Karp Algorithm,Not Started,
Step 18: Advanced Strings,Advanced,Repeated String Match,Not Started,
